{"cameraMode":{"drawMode":0,"name":"Shaded","section":"Shading Mode"},"sceneLighting":true,"audioPlay":false,"sceneViewState":{"showFog":true,"showMaterialUpdate":false,"showSkybox":true,"showFlares":true,"showImageEffects":true,"showParticleSystems":true},"in2DMode":false,"pivot":{"x":-4.98176908493042,"y":0.6578031778335571,"z":-2.2183332443237306},"rotation":{"x":0.16625913977622987,"y":-0.4817746877670288,"z":0.09365443140268326,"w":0.8552660346031189},"size":1.3269243240356446,"orthographic":false}